<application>
  <component name="ExportableFileTemplateSettings">
    <default_templates>
      <template name="jsx-vue.jsx" reformat="true" live-template-enabled="true" />
      <template name="react.js" reformat="true" live-template-enabled="true" />
      <template name="vue-less.vue" reformat="true" live-template-enabled="true" />
      <template name="vue-sass.vue" reformat="true" live-template-enabled="true" />
      <template name="vue-ts.vue" reformat="true" live-template-enabled="true" />
      <template name="vuexModule.js" reformat="true" live-template-enabled="true" />
    </default_templates>
    <internal_templates>
      <template name="JavaScript File.js" reformat="true" live-template-enabled="true" enabled="true" />
    </internal_templates>
  </component>
</application>