<application>
  <component name="NodeJsLocalInterpreters">
    <local-interpreter path="D:/Program Files/nodejs/node.exe">
      <version-cache version="10.15.0" last-modified="1545776960000" />
    </local-interpreter>
  </component>
  <component name="PropertiesComponent">
    <property name="CommitChangeListDialog.DETAILS_SPLITTER_PROPORTION_2" value="0.95898163" />
    <property name="Copy.OpenInEditor" value="true" />
    <property name="ExpandBeforeRunStepsPanel" value="true" />
    <property name="ExpandRunDashboardTypesPanel" value="false" />
    <property name="FileTemplates.SelectedTemplate" value="vue-sass" />
    <property name="InstalledPluginsSearchHistory" value="ignore&#10;import&#10;updat" />
    <property name="KEYMAP" value="find" />
    <property name="PACKAGE_FILTER" value="boom" />
    <property name="PluginConfigurable.selectionTab" value="1" />
    <property name="SettingsSearchHistory" value="ignore&#10;File Type&#10;import&#10;updat" />
    <property name="SplitFileEditor.Proportion" value="0.76584506" />
    <property name="TrendingPluginsSearchHistory" value="vue&#10;mongo&#10;bashsupport&#10;AceJum&#10;AngularJS" />
    <property name="WebStorm.enableDefaultTooltipFixes" value="true" />
    <property name="WebStorm.enableSmartQuotes" value="true" />
    <property name="WebStorm.initialConfigurationShown" value="true" />
    <property name="es6.show.auto.import" value="true" />
    <property name="file.chooser.recent.files" value="D:/YAYO-WEB/nginx-1.17.9&#10;D:/YAYO-WEB/project/g-web&#10;D:/YAYO-WEB/project/vue-vant-koa-mall&#10;D:/YAYO-WEB/project/html&#10;D:/YAYO-WEB/project&#10;D:/YAYO-WEB/project/vue-element-admin&#10;D:/YAYO-WEB/temp/fullcalendar-master&#10;D:/YAYO-WEB/temp/fullcalendar&#10;D:/YAYO-WEB/project/vue-test&#10;D:/YAYO-WEB/temp&#10;D:/YAYO-WEB/MongoDB&#10;D:/YAYO-WEB/project/web-wonderful&#10;D:/YAYO-WEB/project/pos&#10;D:/YAYO-WEB/project/vuets_app&#10;D:/YAYO-WEB/project/vue_sell_cube&#10;D:/YAYO-WEB/project/vant_shop&#10;D:/YAYO-WEB/project/travel&#10;D:/YAYO-WEB/project/mpvue_app&#10;D:/YAYO-WEB/web-wonderful&#10;D:/YAYO-WEB/vue-demo&#10;D:/web/node-vue-ele-app&#10;D:/web/vue_everything&#10;D:/YAYO-WEB/element-dev&#10;D:/web/vuets_app&#10;D:/YAYO-WEB/vue-element-admin&#10;D:/NodeModules/node_modules_yanyue&#10;D:/NodeModules&#10;D:/临时文件/bat&#10;D:/YAYO-WEB/millennium-eye/front/public&#10;D:/YAYO-WEB/millennium-eye" />
    <property name="file.gist.reindex.count" value="183959" />
    <property name="fileTypeChangedCounter" value="27" />
    <property name="large.file.editor.notification.disabled" value="true" />
    <property name="ts.lib.d.ts.version" value="3.2.1" />
    <property name="typescript.show.auto.import" value="true" />
    <property name="vcs.log.changes.splitter.proportion" value="0.55151916" />
  </component>
  <component name="SvnApplicationSettings">
    <option name="mySvnCommandLine" value="D:\Program Files\TortoiseSVN\bin\svn.exe" />
  </component>
</application>