<application>
  <component name="UpdatesConfigurable">
    <option name="CHECK_NEEDED" value="false" />
    <enabledExternalComponentSources>
      <item value="Android SDK" />
    </enabledExternalComponentSources>
    <option name="externalUpdateChannels">
      <map>
        <entry key="Android SDK" value="Stable Channel" />
      </map>
    </option>
    <knownExternalComponentSources>
      <item value="Android SDK" />
    </knownExternalComponentSources>
    <option name="LAST_BUILD_CHECKED" value="WS-183.6156.10" />
    <option name="LAST_TIME_CHECKED" value="1582447345843" />
    <option name="THIRD_PARTY_PLUGINS_ALLOWED" value="true" />
    <option name="SECURE_CONNECTION" value="false" />
  </component>
</application>