<keymap version="1" name="Eclipse copy" parent="Eclipse">
  <action id="ActivateProjectToolWindow">
    <keyboard-shortcut first-keystroke="alt p" />
  </action>
  <action id="ActivateStructureToolWindow">
    <keyboard-shortcut first-keystroke="alt s" />
  </action>
  <action id="ChooseRunConfiguration">
    <keyboard-shortcut first-keystroke="shift alt f10" />
    <keyboard-shortcut first-keystroke="shift alt x" />
  </action>
  <action id="CloseActiveTab" />
  <action id="CloseContent">
    <keyboard-shortcut first-keystroke="ctrl w" />
  </action>
  <action id="CodeCompletion">
    <keyboard-shortcut first-keystroke="alt slash" />
  </action>
  <action id="Console.History.Browse" />
  <action id="EditSource">
    <keyboard-shortcut first-keystroke="f12" />
  </action>
  <action id="Generate">
    <keyboard-shortcut first-keystroke="alt insert" />
    <keyboard-shortcut first-keystroke="shift alt i" />
  </action>
  <action id="GotoBookmark0" />
  <action id="HideAllWindows">
    <keyboard-shortcut first-keystroke="shift ctrl f12" />
    <keyboard-shortcut first-keystroke="ctrl back_slash" />
  </action>
  <action id="HippieCompletion" />
  <action id="Inline" />
  <action id="JS.TypeScript.Compile">
    <keyboard-shortcut first-keystroke="alt g" />
  </action>
  <action id="JS.TypeScript.Compile.Current">
    <keyboard-shortcut first-keystroke="alt d" />
  </action>
  <action id="RecentChangedFiles" />
  <action id="Run">
    <keyboard-shortcut first-keystroke="shift f10" />
    <keyboard-shortcut first-keystroke="alt x" />
  </action>
  <action id="SavaAs" />
  <action id="SearchEverywhere">
    <keyboard-shortcut first-keystroke="alt f" />
  </action>
  <action id="ShowSettings">
    <keyboard-shortcut first-keystroke="shift ctrl s" />
    <keyboard-shortcut first-keystroke="ctrl alt s" />
  </action>
  <action id="Vcs.EditSource">
    <keyboard-shortcut first-keystroke="f12" />
  </action>
  <action id="XDebugger.JumpToSource">
    <keyboard-shortcut first-keystroke="f12" />
  </action>
  <action id="editRunConfigurations">
    <keyboard-shortcut first-keystroke="shift ctrl e" />
    <keyboard-shortcut first-keystroke="ctrl alt e" />
  </action>
</keymap>