<toolSet name="CSS">
  <tool name="LESS" showInMainMenu="true" showInEditor="true" showInProject="true" showInSearchPopup="true" disabled="false" useConsole="true" showConsoleOnStdOut="false" showConsoleOnStdErr="false" synchronizeAfterRun="true">
    <exec>
      <option name="COMMAND" value="D:\nodejs\node.exe" />
      <option name="PARAMETERS" value="D:\nodejs\node_modules\less\bin\lessc $FilePath$" />
      <option name="WORKING_DIRECTORY" value="D:/nodejs" />
    </exec>
  </tool>
  <tool name="autoprefixer " showInMainMenu="false" showInEditor="false" showInProject="false" showInSearchPopup="false" disabled="false" useConsole="true" showConsoleOnStdOut="false" showConsoleOnStdErr="false" synchronizeAfterRun="true">
    <exec>
      <option name="COMMAND" value="D:\Program Files\nodejs\postcss.cmd" />
      <option name="PARAMETERS" value="-u autoprefixer -o $FileDir$\$FileName$ $FileDir$\$FileName$" />
      <option name="WORKING_DIRECTORY" value="$ProjectFileDir$" />
    </exec>
  </tool>
</toolSet>